"","baseMean","log2FoldChange","lfcSE","stat","pvalue","padj"
"ENSG00000000938.13",904.108284556535,-2.09000083864176,0.5194396114104,-4.02356846249541,5.73229103946992e-05,0.0117951585621935
"ENSG00000005073.6",71.1483836148614,4.13174525467316,1.14870987433881,3.59685708895936,0.000322085322370571,0.0299813231881477
"ENSG00000005844.19",1017.30434507417,-2.37447760794707,0.634775147648236,-3.74065937638583,0.000183538119256807,0.0217560837917055
"ENSG00000006555.11",1394.64401963925,1.37145184910024,0.366127043791514,3.74583596693064,0.00017979404821772,0.0214865664522898
"ENSG00000006611.17",4384.14545396141,1.9359700204048,0.554711359687411,3.49004935016249,0.000482931357140667,0.0364087670822828
"ENSG00000007129.18",91.8686836858968,-1.95457207828497,0.52915751321939,-3.69374341184986,0.000220976783110505,0.0240935124437657
"ENSG00000007264.15",201.051703746792,-2.05367147841373,0.544178969111449,-3.77388983217602,0.000160721756976386,0.0200631817227853
"ENSG00000010327.10",3491.25065148039,-1.46569708689658,0.422932698870414,-3.46555631856139,0.000529135691598673,0.037954849018364
"ENSG00000010671.16",551.4983679975,-2.18259800992839,0.60505728605258,-3.6072584534396,0.000309449386469921,0.0292024184811115
"ENSG00000011426.11",1318.21476604598,2.13525880066453,0.590477443366541,3.61615642502886,0.000299009729908337,0.0286451524473441
"ENSG00000015285.11",806.155887464162,-1.85116616971753,0.529952112193635,-3.49308197311448,0.000477479912006577,0.0362977576441222
"ENSG00000016490.16",288.232934114249,6.75076062378451,1.831120964493,3.68668195858576,0.000227197008768617,0.0246734148371855
"ENSG00000019102.12",4395.35069706528,2.81086884153476,0.76852556895924,3.6574825289695,0.000254704614664545,0.0260093327967336
"ENSG00000019186.10",171.157397118539,3.98077780304928,1.19598264250128,3.32845784009362,0.000873282214556003,0.0488734445107447
"ENSG00000028277.21",488.479209304161,-2.25547723685481,0.608138538718747,-3.70882141692047,0.000208226218805788,0.0232592935920735
"ENSG00000043355.12",75.1023190598046,8.04093252368884,1.48290194829138,5.42243034541407,5.87941274978863e-08,0.000134084907269555
"ENSG00000053747.17",12974.4426758866,2.38129376399491,0.626210301496161,3.80270614888552,0.000143124082683154,0.0192949594620191
"ENSG00000060140.9",577.596826067414,2.73980837301154,0.589648530921104,4.64651097956884,3.37596173107411e-06,0.00236897294087962
"ENSG00000064270.13",882.614765276031,2.22734734906481,0.601607295884708,3.70232768834581,0.000213630447773497,0.0236697346729445
"ENSG00000066336.12",1424.81154755463,-1.56119095436454,0.46888717115464,-3.32956636565699,0.000869813325232462,0.0488734445107447
"ENSG00000069764.10",266.419874393914,3.03163561105502,0.800828470895308,3.78562416451768,0.000153323254563725,0.0196344061631927
"ENSG00000073861.3",60.5870048181017,-2.93543374778658,0.625291527898613,-4.6945042701147,2.67254028578982e-06,0.00197674081084352
"ENSG00000074211.14",765.394507681346,3.89957551324902,0.864876736611422,4.5088222959118,6.51884813261121e-06,0.00339418493934337
"ENSG00000076356.7",4097.67118277017,1.56558659690949,0.35631114678492,4.39387487884158,1.11347918076851e-05,0.00461705829395329
"ENSG00000079385.23",3471.17580947458,1.89628986133422,0.548295573014302,3.45851754904603,0.000543156886538774,0.0385092603987218
"ENSG00000086159.13",73.808274105885,3.40277329264873,0.919769959922335,3.69959168152878,0.000215946620376393,0.0237341813648223
"ENSG00000086288.12",18.5275744003175,-1.76446044789003,0.504040327052198,-3.50063348742193,0.000464153715963933,0.0355812177725069
"ENSG00000086300.16",788.203235810654,-1.53242222422505,0.438943354191558,-3.49116169453676,0.000480925099966931,0.036394462866303
"ENSG00000088836.14",995.372679733287,2.64418194808769,0.6369914195896,4.15104798396072,3.30956364036113e-05,0.0088704820373346
"ENSG00000089356.18",205.438812331209,3.64094479744933,0.686655082710103,5.30243624365116,1.1426737974833e-07,0.000240550413967119
"ENSG00000090402.8",133.068763079109,21.8832034982902,2.11245265554612,10.3591450633637,3.80346362981951e-25,1.0408938915727e-20
"ENSG00000092607.15",264.739342038515,2.86224131640825,0.80213374639964,3.56828437807954,0.000359326386412123,0.0310210890124308
"ENSG00000093100.13",5.51703752515137,-1.80054358354701,0.526033600480315,-3.42286801052813,0.000619641573767787,0.0408395605788465
"ENSG00000094804.12",535.065381902677,1.65149263566652,0.481152554067652,3.4323680124003,0.000598335041086619,0.040035782565813
"ENSG00000095539.15",1469.19455332036,1.82160646923525,0.520022178967261,3.50293995700889,0.000460153176024158,0.0355588598259482
"ENSG00000096996.16",260.611148764097,-1.75272094263254,0.48181539492497,-3.63774375226321,0.00027503685716779,0.026978256882118
"ENSG00000099812.9",7359.99748762511,2.32053075152085,0.591261989329678,3.92470815543489,8.68349466152405e-05,0.0145792146258852
"ENSG00000099834.19",2314.59866312141,2.83143221771069,0.84435240643419,3.35337732934072,0.000798317923963231,0.046291220877548
"ENSG00000100027.17",99.0673670365249,-1.19712760300536,0.333158479492304,-3.59326769899313,0.000326556785967183,0.0300752839168985
"ENSG00000100055.21",899.05671287587,-1.76469832260987,0.457293700584371,-3.85900422497573,0.000113849969753055,0.0172139896255903
"ENSG00000100292.18",1831.72429564986,-1.90051710075581,0.43990113065767,-4.32032783801773,1.55797566286448e-05,0.00567955858901884
"ENSG00000100994.12",15702.9434256318,1.59784943499989,0.437261601891154,3.65421850006768,0.000257966515862473,0.0261472949615122
"ENSG00000101188.5",625.086691352444,4.68983836923086,1.14154949417315,4.10830927013622,3.98566157161869e-05,0.0100995926139341
"ENSG00000101213.7",2612.55117515666,2.3037412894271,0.657784606654041,3.50227303303062,0.000461306627568815,0.0355588598259482
"ENSG00000101842.14",3227.27529825619,3.71319566223067,1.05746683858839,3.51140624625866,0.000445742657394212,0.0350586608449713
"ENSG00000102445.20",341.961968339685,-2.06688934996439,0.600224893184037,-3.44352487448509,0.000574183772490287,0.0392908253404721
"ENSG00000103269.14",187.342671261073,2.41192712442932,0.65534855595977,3.68037299006023,0.000232893039901761,0.0247999370544416
"ENSG00000103355.13",123.948007643254,5.13621804450643,1.20131862214451,4.2754835809817,1.90722857404783e-05,0.00644384251678606
"ENSG00000103460.17",1036.16096357822,2.26285938317067,0.555247685806113,4.07540533894425,4.59342652058818e-05,0.0109008080176189
"ENSG00000104081.14",1165.25352365114,-1.53283258947578,0.345851644179011,-4.43205234173297,9.33403507642884e-06,0.00437730756479297
"ENSG00000104369.5",395.321449355263,2.5725089744776,0.579762462550199,4.43717753502341,9.1146117089821e-06,0.00437613295859146
"ENSG00000104413.18",4019.38645566332,1.59209947355043,0.451073940663353,3.52957537562263,0.000416227119584983,0.0337008508333794
"ENSG00000104827.12",15.7445756801532,6.50888376301755,1.86725217688423,3.48580863559551,0.000490651861923382,0.0366876215990634
"ENSG00000104951.16",475.401115389958,-2.03945605382972,0.596426191447873,-3.41946092085389,0.000627453444082196,0.0410654906032679
"ENSG00000104972.15",353.067546472446,-2.15578935467323,0.576465895842034,-3.73966503521307,0.000184265636847576,0.0217560837917055
"ENSG00000105219.10",54.1806651294347,3.40227348355754,0.984463910997073,3.45596567385766,0.000548325143956045,0.0387717125016977
"ENSG00000105374.10",292.531795968259,-2.3677584376857,0.566993409949135,-4.1759893433296,2.9669370931313e-05,0.00837073891007467
"ENSG00000105383.15",181.609614490234,-1.80770318370225,0.481244594940616,-3.75630854394389,0.000172438078060649,0.0208292641399005
"ENSG00000105501.12",6.25322577184142,-2.16210622265388,0.641892886636721,-3.36832868484104,0.000756253795830092,0.045090190916083
"ENSG00000105523.3",2522.24134482839,2.6041070926087,0.67021425410355,3.88548449494236,0.000102126011272623,0.0160912312035378
"ENSG00000105609.17",219.47130455935,-2.55582321136878,0.675200082617834,-3.78528272902388,0.000153533924760596,0.0196344061631927
"ENSG00000105610.6",2.42290474303433,-2.21760739812129,0.556714882129274,-3.98338084593604,6.79417437972312e-05,0.0127319574456664
"ENSG00000106089.12",1727.72169935736,1.88163649263755,0.534196027355257,3.52237080824676,0.000427705447310779,0.0342251899899242
"ENSG00000106384.12",76.6727517601614,4.96747499956992,1.17058171837841,4.24359523267739,2.19966960533658e-05,0.0071876893234006
"ENSG00000106789.13",3192.88684381147,1.95564768871753,0.512994564066735,3.81221912609414,0.000137724693471131,0.0188455584311223
"ENSG00000107099.16",1776.65481626108,-1.82911161380406,0.505095771550412,-3.62131642517919,0.000293107753400155,0.028444964139369
"ENSG00000107159.13",3557.88553907288,3.70208106957186,1.03610107559312,3.57308872346512,0.000352795159581734,0.0309047924130914
"ENSG00000107551.21",2470.54051955171,-1.52183177463408,0.413341805552414,-3.6817756011885,0.000231615231325036,0.0247999370544416
"ENSG00000107798.18",5025.6888678563,-1.33305772299833,0.373137651543282,-3.57256287990464,0.000353504563958683,0.0309047924130914
"ENSG00000108602.18",706.077203272433,4.00314086880055,0.962247353735867,4.16019940533856,3.17969857580005e-05,0.00884124050401906
"ENSG00000108691.9",2021.37595388117,-2.23562831896548,0.654981660075202,-3.41326857718244,0.000641886491898933,0.041332959114819
"ENSG00000108798.9",728.420482691297,-1.5348379007168,0.399773403895953,-3.83926966066074,0.000123400838650309,0.0178683108536667
"ENSG00000109255.11",490.768845467657,3.70102310429174,0.894822696410712,4.13604071414056,3.53349524952937e-05,0.00912275136734625
"ENSG00000110031.13",980.642868743226,-1.4053772777877,0.411339649764787,-3.4165859736384,0.000634116377073413,0.0410731287649937
"ENSG00000110245.12",67.5248948828931,21.7445265458439,2.14276544215786,10.1478799863163,3.38639675682049e-24,4.63377600219532e-20
"ENSG00000110723.12",535.969923987543,1.3803095567435,0.400665290886683,3.44504400091368,0.00057096643941589,0.0392908253404721
"ENSG00000111261.14",2733.34202646968,1.30322002008122,0.380367114981958,3.42621632825182,0.000612052705665001,0.0404590492655412
"ENSG00000111291.8",69.664985673293,2.65293714076493,0.654737527051201,4.05190940057033,5.08013380454532e-05,0.0113957394941797
"ENSG00000111679.17",3234.23451398375,-1.35934844704153,0.308363902071296,-4.40826062295463,1.04204106557178e-05,0.00460728196334343
"ENSG00000111700.13",89.7512672796387,6.41387963117437,1.52237910038537,4.21306337531222,2.5193033783956e-05,0.00766064172850583
"ENSG00000111701.7",272.059424536786,3.86878329307172,1.10983509978726,3.48590821628666,0.000490469256488796,0.0366876215990634
"ENSG00000112761.21",186.291756556813,4.94371554039704,1.31140288879792,3.76979155881579,0.000163383943589279,0.0200631817227853
"ENSG00000112799.9",486.951535826842,-1.99509388707492,0.556491312315846,-3.58513033882292,0.000336909904015638,0.0303829895602775
"ENSG00000113303.12",539.237971105847,3.65826158388968,1.08586496472102,3.36898390015702,0.000754458355803114,0.0450813576927158
"ENSG00000114248.10",206.163420474755,5.30726235484658,1.07504581682357,4.93677783010952,7.9423861674509e-07,0.000905663676019287
"ENSG00000114346.14",1659.482679153,1.64701757541256,0.466199139005399,3.5328627567317,0.000411085817987278,0.0335826435249488
"ENSG00000114771.14",539.393352909473,3.79704298899399,0.957156475402902,3.96700339659267,7.27819556623601e-05,0.0131041038198145
"ENSG00000115507.10",107.589815265899,2.25027789358414,0.614400104422699,3.66256105327088,0.000249706212875794,0.0257544687657094
"ENSG00000115616.3",564.730372094509,3.6772656869431,0.909305841709177,4.04403614083368,5.25388150507709e-05,0.0114113472340829
"ENSG00000115648.14",9777.54570545375,2.27534417065975,0.547596442434652,4.15514783212143,3.25077290302871e-05,0.0088704820373346
"ENSG00000115956.10",1006.12919081278,-2.16577484123326,0.598214236337478,-3.62040003342792,0.000294147883563163,0.0284450357931911
"ENSG00000117009.12",76.4806373824575,-2.26163867814423,0.537575056819466,-4.20711238264121,2.58654529809041e-05,0.0076941288231348
"ENSG00000117245.13",95.914293747537,-1.79418088441087,0.498105519366525,-3.60200964384545,0.000315766647218179,0.0295944720356846
"ENSG00000117472.10",14260.4645613666,2.87648240320828,0.609377831694399,4.72035944466524,2.35428243374713e-06,0.00192302419738738
"ENSG00000117650.13",411.826473577131,1.98948101662526,0.533416608860455,3.72969454564868,0.00019171203670395,0.0220444676826765
"ENSG00000117983.17",16694.8616676539,4.78856734616552,1.0013228367343,4.78224122180504,1.73351476447104e-06,0.00151521720960497
"ENSG00000118526.7",137.491658178629,-1.62873044867463,0.478095845398846,-3.40670278637514,0.000657526852641163,0.0417506667661965
"ENSG00000119946.11",438.183213710685,2.5434284251803,0.665856608923755,3.81978400618614,0.000133568586614447,0.0185166360562109
"ENSG00000121057.13",4071.54601189394,1.08195547198698,0.320358601964096,3.37732611315442,0.000731942152459435,0.0443165063857464
"ENSG00000121075.11",12.3202419617262,3.69620680812158,1.11361106945173,3.3191182357242,0.000903021855744375,0.049724344318222
"ENSG00000121210.16",873.251639511169,-1.88726242380562,0.489453539400798,-3.85585611683605,0.000115325308434511,0.0172518704013322
"ENSG00000121957.15",426.858204158987,1.21030544178965,0.354003499669117,3.41890812639114,0.0006287295122874,0.0410654906032679
"ENSG00000122122.10",907.476190000622,-2.26671383214913,0.635114094423798,-3.56898681992814,0.000358364451520291,0.0310210890124308
"ENSG00000122133.17",131.246684401887,4.55566290921255,1.19075801828688,3.82585112949033,0.00013032103195522,0.0184082769547307
"ENSG00000122223.13",58.9448789383228,-2.20930366402262,0.56478821569511,-3.91173824564227,9.1634198459846e-05,0.0151985036924279
"ENSG00000123329.20",627.971143143896,-2.00424321670697,0.580166430515688,-3.45460045822622,0.000551108859690883,0.0387717125016977
"ENSG00000123338.13",1753.40140910308,-1.91779708926266,0.559229779453777,-3.4293543722508,0.000605019013221337,0.0403607465327799
"ENSG00000123843.13",730.470678112818,2.72791664185556,0.802613129579478,3.39879394109193,0.000676836890799514,0.04238671668309
"ENSG00000124102.5",1715.62546791052,3.74166062177557,0.96329259997802,3.88424101032329,0.000102650046245887,0.0160912312035378
"ENSG00000124635.9",102.288496457993,2.66331860971364,0.744480470026207,3.57741904179151,0.00034700364394501,0.0306320020309256
"ENSG00000124664.11",1620.41922618422,4.03336512765837,0.834550995430623,4.83297623481616,1.34506849410105e-06,0.00134847246581653
"ENSG00000126233.2",11.4057934750534,6.04156065844673,1.81162085668781,3.33489241755173,0.000853324057310659,0.048450040407512
"ENSG00000126838.10",11.1107459637744,-2.33222758818644,0.541926721922968,-4.30358477233008,1.68056501743892e-05,0.0058964131836219
"ENSG00000127084.19",843.963075058367,-1.66514625255342,0.48967147477813,-3.40053758146295,0.000672534905066336,0.0423109488435642
"ENSG00000128298.17",2363.71137743513,2.97476607163709,0.695179638053088,4.27913291587219,1.87622800028763e-05,0.00641834146048395
"ENSG00000128408.9",70.492782459126,2.12793262823255,0.594676815244306,3.57830097572974,0.000345835068940198,0.0306320020309256
"ENSG00000128710.6",14.6897206345504,4.89525281370409,1.47570728829682,3.31722479961044,0.000909164329417367,0.0498619242548398
"ENSG00000128815.19",879.545702018131,-2.59081601396754,0.728835876630099,-3.55473172636154,0.000378364934473868,0.0319589912399579
"ENSG00000130720.13",560.010713384354,5.33979255301802,1.07511653978593,4.96671044990272,6.80981468717688e-07,0.000810279124104216
"ENSG00000130762.15",3074.0438621191,1.62567356428114,0.483641679204692,3.36131817041581,0.000775714121208476,0.0455557260839321
"ENSG00000131187.10",330.834245339589,2.12812905910428,0.62876092080682,3.38463951667588,0.000712717882549373,0.0438814223181611
"ENSG00000132437.18",472.133655617615,3.91841405083162,0.864353024136216,4.53334915412305,5.80557307472237e-06,0.00317762236671854
"ENSG00000132911.5",230.971761273033,4.04028397682998,1.21759873426409,3.31823930424165,0.000905868388070668,0.0497809240488554
"ENSG00000133048.13",1765.79584890741,-2.63535092431199,0.774643699734686,-3.40201685654268,0.000668905119091291,0.0421795539036206
"ENSG00000133710.16",464.00436895268,3.20248764654426,0.82376737522564,3.88761165209664,0.000101235424696755,0.0160912312035378
"ENSG00000134061.5",395.073536239974,-2.26231070576043,0.659884836561893,-3.42834170511848,0.000607280567984637,0.0403607465327799
"ENSG00000134398.15",4480.92900854656,3.82925976350664,0.838498736864097,4.56680445080656,4.95215587703261e-06,0.00288352446567556
"ENSG00000134762.17",275.862757258272,3.30071918360076,0.99226947204417,3.32643427677056,0.000879647614007591,0.0491292168419301
"ENSG00000135218.19",1561.99686947604,-2.94122632912637,0.733329664159861,-4.01078324370798,6.05176507829679e-05,0.0120013518041846
"ENSG00000135723.14",1365.82977925967,-1.12108291868511,0.264114341929831,-4.24468777611082,2.18897996791428e-05,0.0071876893234006
"ENSG00000135750.15",3055.81929496929,2.10928333263614,0.508320373400664,4.14951562638544,3.33179543859402e-05,0.0088704820373346
"ENSG00000135773.13",826.0403000465,3.46779406839834,0.975047646063557,3.55653806498426,0.000375774054206191,0.0319372936070212
"ENSG00000136011.15",78.9227388019438,-4.72320811071315,0.815450722751506,-5.79214412218072,6.94934674795792e-09,2.37728465564206e-05
"ENSG00000136379.12",3859.87263845202,2.24117726405491,0.532555722814062,4.20834321751792,2.5724992476657e-05,0.0076941288231348
"ENSG00000136490.9",1357.57655619923,-1.96685454225146,0.586188551737211,-3.3553274563663,0.000792710900090161,0.0462339824531216
"ENSG00000136542.9",3725.9616673526,2.64606340527042,0.737968705608252,3.58560381376805,0.000336299186513962,0.0303829895602775
"ENSG00000137101.13",432.896791157439,-2.30147104011652,0.606777859135483,-3.79293839659142,0.000148875099395256,0.0196050004297584
"ENSG00000137251.16",95.3308290843308,4.76587753093085,1.12649430245783,4.23071605469505,2.32948575337834e-05,0.00741291123403548
"ENSG00000137440.5",561.3633191832,4.48151003602455,1.01669974387613,4.40789924755853,1.04378076415863e-05,0.00460728196334343
"ENSG00000137460.9",924.288888229923,1.5659118862256,0.467554868919584,3.34915106294171,0.000810595869897959,0.0468997403202906
"ENSG00000137860.12",63.6449699491461,4.64949512197095,1.14535750835162,4.05942693706389,4.91932970817904e-05,0.0112824749138432
"ENSG00000138162.19",2788.00051910797,1.44125582217721,0.377205603981354,3.82087595455886,0.000132978527397395,0.0185166360562109
"ENSG00000138756.18",385.944567673078,-1.10202797491762,0.318072108582451,-3.46471113053268,0.000530801302947075,0.037954849018364
"ENSG00000138964.17",876.187238583127,-2.05411323257245,0.571230763957508,-3.595942939665,0.000323218648097369,0.0299848296355278
"ENSG00000139800.8",25.3043698852085,6.4710527862599,1.65589225436504,3.90789483385876,9.31038135011205e-05,0.0153492293017179
"ENSG00000139874.6",666.501489814479,3.08462019681925,0.861614788268734,3.5800455595908,0.000343534305872907,0.0306320020309256
"ENSG00000140284.11",288.486149638491,2.3153818568888,0.67103439945002,3.45046671047936,0.000559618179968306,0.0389811011358844
"ENSG00000140678.17",1771.90064171692,-1.74246628444625,0.4915266924065,-3.54500846315219,0.000392600480323104,0.0327570041006171
"ENSG00000140968.11",1907.08337362658,-2.13647463322503,0.564150427729254,-3.78706552049335,0.000152436914189083,0.0196344061631927
"ENSG00000141232.5",5272.70657672186,1.5459765977552,0.382257458008823,4.04433338150728,5.24722092980441e-05,0.0114113472340829
"ENSG00000142347.19",1403.21446266606,-1.68340090673433,0.450575880339736,-3.73610967694284,0.000186889179737866,0.0218572486405393
"ENSG00000142623.11",3161.19229541431,3.78200868220498,1.12061476136135,3.37494098115439,0.00073831522689259,0.0445054467276861
"ENSG00000143375.15",7325.35229783181,1.65581322630436,0.49377832630363,3.35335339381862,0.000798386971688627,0.046291220877548
"ENSG00000143590.14",327.683349314652,2.27292673572465,0.667626565300407,3.40448815828938,0.000662881743453499,0.0419932515580831
"ENSG00000143768.13",14.6249490429273,-3.03443842496137,0.685728329179647,-4.42513207612634,9.63832958767266e-06,0.00439620276376396
"ENSG00000143776.18",5189.42483139609,1.04749830773711,0.301508914468516,3.47418685641047,0.000512404067301834,0.0373945656262648
"ENSG00000143850.16",5488.86395945246,1.51148974627044,0.401917406849236,3.76069739830256,0.000169440302912534,0.0206092123102547
"ENSG00000143869.7",107.913062508744,-3.2269621042944,0.684059352050895,-4.71737151845021,2.38911180294409e-06,0.00192302419738738
"ENSG00000144452.15",225.688580273991,4.21966340135018,0.861164293488162,4.89995165064073,9.58602425498598e-07,0.0010493629031448
"ENSG00000144820.8",126.92731441256,4.11110154719259,1.17178013120098,3.50842401038071,0.000450769988916245,0.0352917066021034
"ENSG00000145384.4",41.7467694976521,5.94042530389397,1.65355205114992,3.59252392433781,0.000327490576505856,0.0300752839168985
"ENSG00000145416.13",615.355805169157,-1.78155350987037,0.478787190349642,-3.72097154180203,0.000198457804184715,0.0225018283517077
"ENSG00000145681.11",107.690683684319,3.49938176874938,0.93702413076267,3.73456953120422,0.000188036537011642,0.0218978549293515
"ENSG00000146054.18",420.304013368135,2.348363385905,0.681343199639747,3.44666738751729,0.000567546855604982,0.0392908253404721
"ENSG00000146094.15",603.719142585896,-1.9827341901791,0.479159506801588,-4.1379418795506,3.50435107302505e-05,0.00912275136734625
"ENSG00000146192.15",747.153995869326,-2.16215760464225,0.495541750675968,-4.36321985320682,1.28162029558823e-05,0.0050114408364301
"ENSG00000147676.14",10650.9377812279,1.77217916629013,0.507250400139102,3.4936969311491,0.000476381486363719,0.0362977576441222
"ENSG00000147689.16",2379.1341584793,4.4149922480547,1.09530916249875,4.03081832893893,5.55829941474732e-05,0.0117951585621935
"ENSG00000147804.10",2880.61000819121,2.15282013916981,0.644934957174247,3.33804225561333,0.000843709176206369,0.0482290151274544
"ENSG00000148600.15",42.6859153677343,-2.56233598398871,0.757118531001765,-3.38432607190107,0.000713532098205199,0.0438814223181611
"ENSG00000148826.9",41.5801576628189,5.75328032189304,1.70625316654566,3.37187964523497,0.00074657065391247,0.0449041738145551
"ENSG00000149260.18",7144.50898854831,1.94282750911146,0.547136276259156,3.55090238650383,0.000383912775993807,0.0323278182788385
"ENSG00000150045.12",33.1348270139684,-3.10457294329184,0.551617335745979,-5.62812794687348,1.82175941913698e-08,4.53237182032017e-05
"ENSG00000151012.13",850.307298086627,2.88661589510601,0.629904523411231,4.58262448961888,4.59176176856245e-06,0.00278348162239265
"ENSG00000151715.8",2400.24710378015,2.41304600407497,0.619238376556193,3.89679660600945,9.74734128793515e-05,0.0159733825764623
"ENSG00000152689.18",823.103955318642,-1.39338566608557,0.408656052754078,-3.40967827760056,0.000650395537747735,0.0416847182237524
"ENSG00000153898.13",146.808852344688,-2.29397372183601,0.624749015386498,-3.67183247246393,0.000240817529601437,0.0252570470250195
"ENSG00000154133.15",756.344702757502,-1.21358890971143,0.364334884278275,-3.33097093383049,0.000865436384480976,0.0488734445107447
"ENSG00000156453.14",8108.681463822,1.41872283526759,0.399839576884279,3.54823013350226,0.000387829200014922,0.0325574285791668
"ENSG00000156886.12",29.6610349166734,-3.97066197745189,0.701510313225692,-5.66016194287145,1.51230217228157e-08,4.13871735488297e-05
"ENSG00000157214.14",2300.53798023394,1.3815166359087,0.385395577734841,3.58467173917395,0.000337502423587692,0.0303829895602775
"ENSG00000157368.11",340.128653852473,-1.91452129959883,0.488990567958324,-3.9152520008566,9.03098315013762e-05,0.01507017779694
"ENSG00000158373.8",741.77831252643,2.43996099970741,0.55941059695082,4.36166388875526,1.29077055263856e-05,0.0050114408364301
"ENSG00000158473.8",246.387816034675,-1.79879637814719,0.536174581489542,-3.35487067132121,0.000794020965139297,0.0462339824531216
"ENSG00000158517.15",198.432152213448,-2.21596542824598,0.662658010692347,-3.34405589684299,0.000825631004966477,0.0476688685926531
"ENSG00000158555.15",983.149266175995,-1.4006782099441,0.363567763494219,-3.85259187030859,0.000116874104263915,0.0172956726357249
"ENSG00000158717.11",738.853297034799,-1.27993725484794,0.339538552972974,-3.769637478987,0.000163484836634674,0.0200631817227853
"ENSG00000159263.16",282.582405101877,3.9418807940639,0.860916073159417,4.57870507585932,4.67863319436044e-06,0.00278348162239265
"ENSG00000160181.9",10587.7355270322,5.27010532310732,1.14963598716565,4.58415131567026,4.55834058557494e-06,0.00278348162239265
"ENSG00000160182.3",21269.2433725192,4.26594032877696,1.1247705027622,3.79272066461619,0.000149005740102669,0.0196050004297584
"ENSG00000160219.12",304.735846357042,-1.69579123316301,0.453711062773449,-3.73760168596498,0.000185783960759753,0.021821243150696
"ENSG00000160321.15",67.6438798945381,-1.84660221392127,0.544041605487431,-3.39422977084045,0.000688219235133567,0.0428056722906826
"ENSG00000160606.11",445.715404340726,1.79955988332129,0.465195268873973,3.86839678674551,0.000109553290752587,0.0168435107192475
"ENSG00000160868.15",62.4988711873868,3.91869518046374,1.03503901361712,3.78603620627708,0.000153069381694639,0.0196344061631927
"ENSG00000160883.11",452.908453192963,-2.37370937697843,0.660610206986899,-3.59320723760101,0.000326632600590288,0.0300752839168985
"ENSG00000161640.15",44.1368970076298,-2.85612313231659,0.848900819498702,-3.36449567100572,0.000766836872362882,0.0452315509454289
"ENSG00000161798.7",3666.54497088793,4.16976915140129,0.983752779472637,4.23863519210242,2.24882744428373e-05,0.00724043066678973
"ENSG00000161929.15",247.33403305698,-2.48453027376394,0.626894963446217,-3.9632321499375,7.39418150697404e-05,0.0132259193007424
"ENSG00000162078.11",1822.1796898084,2.82120294080471,0.801378477533123,3.5204376207971,0.000430835319124083,0.0343751317156524
"ENSG00000162460.7",25.0982769736117,3.69888299840968,1.09050922413619,3.39188602585147,0.000694133075653055,0.0430756006380888
"ENSG00000162482.5",1384.42157037972,2.63084281915654,0.729960752782878,3.60408804052383,0.000313250868532651,0.0294595756671239
"ENSG00000162543.6",870.499735164873,1.74527422667334,0.518288598691483,3.36737916110756,0.000758862750256962,0.0451473845353963
"ENSG00000162545.6",7222.76224922435,1.42483153643785,0.391534395140786,3.6390967284637,0.00027359602520905,0.0269719635124302
"ENSG00000163219.12",730.548906074535,-2.07302038911876,0.51803378671291,-4.00170885044534,6.28866518781884e-05,0.0120776372692704
"ENSG00000163283.7",110.700830140916,7.79809943106458,1.59666259408159,4.883999575095,1.03955298401946e-06,0.00109420948129463
"ENSG00000163286.9",96.1007241974484,6.33699148769338,1.40391555135345,4.51379819931775,6.36768100384376e-06,0.00339418493934337
"ENSG00000163295.5",35.269098427386,6.14489547735445,1.63746985335513,3.75267701250422,0.000174956210560608,0.0210001167298779
"ENSG00000163501.7",788.552121552913,3.64645279177934,0.905160702050429,4.02851425555612,5.61304577362971e-05,0.0117951585621935
"ENSG00000163586.10",109.103269141655,5.92920444952209,1.49001418374192,3.97929396526407,6.91202320793923e-05,0.0127811715629509
"ENSG00000163624.6",1949.82516164517,1.40774845594859,0.388481539938662,3.6237203347445,0.000290395598361164,0.0282820510332739
"ENSG00000163687.14",106.404418863976,-3.94800605394068,0.852906528987459,-4.62888478369092,3.67640232556634e-06,0.00243628563186379
"ENSG00000163993.7",13816.4994664777,3.40703386833962,0.927899826180947,3.67176905546184,0.000240877307469948,0.0252570470250195
"ENSG00000164078.13",4159.41005777751,2.17894337175456,0.62915015422901,3.46331214751865,0.000533569017918671,0.037954849018364
"ENSG00000164129.12",10.9551498568119,-3.05158469283112,0.906439733730145,-3.36656104016244,0.000761117356373812,0.0451583893146629
"ENSG00000164237.9",2521.96342566775,1.83984449410931,0.424949012096017,4.32956529310297,1.49403969454782e-05,0.00552532220549866
"ENSG00000164379.7",3282.61166343351,2.13463420915769,0.632020122344416,3.3774782379388,0.000731537413488689,0.0443165063857464
"ENSG00000164816.8",22.6780962940925,20.7847300262711,3.16519847376302,6.56664351337205,5.14620484948512e-11,2.81672376231719e-07
"ENSG00000165807.8",216.863660363394,1.62610924670116,0.457013608769432,3.55811996732366,0.000373518719451251,0.0319372936070212
"ENSG00000166126.11",1493.80962931025,3.0861232606959,0.814489745223996,3.78902653936689,0.000151238757989861,0.0196344061631927
"ENSG00000166143.10",369.071532932094,4.15420101592586,0.813170671483818,5.1086458988315,3.2447580127822e-07,0.000493329402976725
"ENSG00000166391.15",166.31792041255,4.34220474611155,1.0905068652723,3.98182247575975,6.83888531630416e-05,0.0127319574456664
"ENSG00000166535.20",495.421520184173,6.3756095937832,1.35506536931145,4.70501994824268,2.53841132629741e-06,0.00193800130465292
"ENSG00000166589.13",46.0840307419076,3.93530624302288,1.15368638868823,3.41107105155105,0.000647082271397741,0.0415697195336666
"ENSG00000166839.17",237.081494372777,-1.20150879370971,0.31075629499759,-3.86640210689548,0.000110452769872156,0.016886932698834
"ENSG00000166866.13",823.745834034746,3.10767572282718,0.933079569861882,3.3305581037287,0.000866720729289602,0.0488734445107447
"ENSG00000166869.3",71.607977515546,6.33216672123563,1.62960840528533,3.88569836820824,0.000102036134711058,0.0160912312035378
"ENSG00000166897.16",461.755954874102,2.69110255482604,0.752109005489806,3.57807516621009,0.000346133918656592,0.0306320020309256
"ENSG00000166959.8",941.122069139358,3.45304150965954,0.933840203921097,3.69767921231125,0.000217579604293553,0.0238180041228067
"ENSG00000167083.7",81.5515600886945,-1.55604394355024,0.430961148422911,-3.61063624701329,0.000305446795628287,0.0289244375638731
"ENSG00000167653.5",8224.09876673829,6.62613634212659,1.17004478621374,5.66314761639915,1.4862119958219e-08,4.13871735488297e-05
"ENSG00000167656.5",1045.25645969071,6.2511451846543,1.42016907546921,4.40169082162908,1.07410542917702e-05,0.00461705829395329
"ENSG00000167754.13",68.8030543124904,5.70247533805213,1.67839388491958,3.39757871456101,0.000679850263411674,0.0424782241068203
"ENSG00000167755.15",1700.5361498325,3.67699969363995,1.05776340193922,3.47620241624812,0.00050856828304775,0.0373906844068663
"ENSG00000167851.15",764.106372526951,-1.68401703882643,0.453746722552759,-3.7113591242097,0.000206149387181087,0.0231216814712492
"ENSG00000168010.11",1195.16660498727,-1.76701032929202,0.403794080315115,-4.37601840996053,1.20866810285363e-05,0.00493695820459631
"ENSG00000168078.10",237.900001927047,1.81606524764666,0.517680401145104,3.50808190464529,0.000451350067991969,0.0352917066021034
"ENSG00000168356.13",25.5120538183232,-3.00542540662229,0.592892443359505,-5.06909042320165,3.99721307860476e-07,0.000546958651610882
"ENSG00000168453.15",938.427653352089,2.1983479004413,0.599354979703825,3.66785623692929,0.000244592637149972,0.0253551768972851
"ENSG00000168631.13",12475.0300713724,5.33276260023281,1.26841410443818,4.20427570268533,2.61919523279645e-05,0.00770747483182155
"ENSG00000168907.13",199.289367557288,2.89488259223153,0.765512502811221,3.7816267945991,0.000155806828265203,0.0197405808756195
"ENSG00000169247.14",239.00308874296,2.5665037011685,0.594824167537076,4.31472667258183,1.59800493789765e-05,0.00567955858901884
"ENSG00000169442.9",1214.73340921389,-2.43744468300119,0.679483235292725,-3.58720356353034,0.000334243383154525,0.0303829895602775
"ENSG00000169684.13",113.804908072168,2.41566755953631,0.589910940770904,4.09496992271321,4.22223197585824e-05,0.010600901145258
"ENSG00000170231.16",156.46471471915,4.58105523805255,1.09327333283819,4.19021949996707,2.78684732678513e-05,0.0080281737675925
"ENSG00000170537.13",712.844658343358,1.83654782947534,0.550004742786161,3.3391490774642,0.000840354528890203,0.048213799564231
"ENSG00000170545.17",1288.73876504295,1.69095404254434,0.486708042881738,3.47426772019713,0.000512249658692375,0.0373945656262648
"ENSG00000170786.12",1830.5187487127,2.818662617139,0.819894932572156,3.43783392866736,0.000586387209554962,0.0397236969990595
"ENSG00000171243.8",159.360122625496,3.63811226396216,1.05362291719097,3.45295475696525,0.000554481992299581,0.0388101485256618
"ENSG00000171346.16",1024.92947459262,2.65926343911146,0.786898075479516,3.37942552152129,0.000726374854489418,0.0442732753737459
"ENSG00000171608.16",1109.28796179412,-1.65050225701536,0.487880282535295,-3.38300668442357,0.000716968872070862,0.043993917313819
"ENSG00000172031.7",165.155644861912,2.00035633868984,0.599286063600937,3.33789897711,0.000844144343408142,0.0482290151274544
"ENSG00000172478.18",583.537235131973,3.08265633723105,0.710448541039735,4.33902831684278,1.43114083425578e-05,0.00536520975494217
"ENSG00000172738.12",36.4409930795643,-1.99753493707039,0.473966694706966,-4.21450485736214,2.50326765318054e-05,0.00766064172850583
"ENSG00000172818.10",343.517914175226,2.83848628102567,0.778569368190997,3.64577184383825,0.00026659042803865,0.0268227214857858
"ENSG00000172927.8",2781.56093116519,3.06391606063776,0.842029241681351,3.63872881008239,0.000273987132548529,0.0269719635124302
"ENSG00000173467.9",2098.91431858274,3.09084675223287,0.82858715432963,3.73026148918942,0.000191281145419769,0.0220444676826765
"ENSG00000173557.15",198.124821004703,3.33064704217464,0.718880721253687,4.63310107463471,3.60228551177965e-06,0.00243628563186379
"ENSG00000173702.7",10996.1625436151,3.73254600121606,0.773116736055377,4.82792032191721,1.3796626975139e-06,0.00134847246581653
"ENSG00000173868.12",36.8200894596498,-2.01829837848421,0.508143047356251,-3.97190985685024,7.129870135682e-05,0.0130955138257188
"ENSG00000174564.13",570.602274204903,3.4256383376229,0.996740638200079,3.43684024342475,0.000588542631429712,0.0397694967761405
"ENSG00000174607.11",1383.9372349166,1.5901046770829,0.467713621486319,3.39973993494097,0.000674499729086653,0.0423372341420056
"ENSG00000175311.7",640.413751168828,3.15311388304957,0.771424560119195,4.08739110219978,4.36251337040208e-05,0.0107557570637652
"ENSG00000175318.12",183.817773688096,1.93655260411908,0.568939785252803,3.40379184988547,0.000664573753076981,0.0420032099317731
"ENSG00000175832.13",1752.45323438368,2.15101000007528,0.611996241693428,3.51474380647063,0.000440178413070554,0.0348160769667683
"ENSG00000177202.3",60.9372218467619,3.13958370463197,0.799184843702788,3.92848253989106,8.54835558157637e-05,0.0144409164938889
"ENSG00000178462.12",22.9574869039144,4.51732576806126,1.16588195583171,3.87459960716069,0.000106800152892348,0.0165129931311011
"ENSG00000178597.7",292.794484730931,5.54293871816634,1.40168170999823,3.95449172135759,7.66975273297313e-05,0.0135022640506065
"ENSG00000178789.9",82.537473225622,-2.19735416250538,0.553754403714834,-3.96810237131216,7.24472137996795e-05,0.0131041038198145
"ENSG00000179044.16",260.506047835976,-1.41352301089081,0.369081096531223,-3.82984396701888,0.000128224537365077,0.0182766714274482
"ENSG00000179066.8",37.8732416366088,3.78650402696469,0.882121894478254,4.29249523299076,1.76676344828107e-05,0.00612038168216559
"ENSG00000179148.10",45.5901098915968,2.55568030442616,0.753642390113074,3.39110477058319,0.000696114845565931,0.0431008483678797
"ENSG00000179165.11",2.22556968361013,-1.60482891736477,0.441843406816444,-3.6321214543583,0.00028110075594917,0.0274745871002176
"ENSG00000179292.5",210.181133556235,3.43854760895705,0.891790445791993,3.85577982493779,0.000115361284884854,0.0172518704013322
"ENSG00000179546.4",313.811803252704,2.78900230710432,0.695214751825762,4.01171335875698,6.02796637258564e-05,0.0120013518041846
"ENSG00000179583.19",1961.39888610902,-1.98851002293026,0.503881791731397,-3.94638197998285,7.93410021549607e-05,0.0137425645947773
"ENSG00000179674.4",1543.77585434723,2.91966889226807,0.847931408314967,3.44328428412637,0.000574694860668309,0.0392908253404721
"ENSG00000179840.5",3.7230913944595,-2.3138825847931,0.67900661299745,-3.4077467590169,0.000655016539842927,0.0417506667661965
"ENSG00000179869.15",143.401525111347,2.72675846009327,0.797515318794771,3.4190671900999,0.000628362083163471,0.0410654906032679
"ENSG00000179913.11",5301.50207848772,2.66741012390628,0.556814772703916,4.79048016444181,1.66382671518719e-06,0.00151521720960497
"ENSG00000180251.5",234.611086698619,5.79907838988829,1.28666642782089,4.50705658008785,6.57331098714506e-06,0.00339418493934337
"ENSG00000180539.8",42.893262650056,-1.69547123629275,0.449178091022981,-3.77460804562262,0.000160259438734653,0.0200631817227853
"ENSG00000180596.7",172.419774079578,2.66713914431137,0.636345293507006,4.19133946856481,2.7731236951699e-05,0.0080281737675925
"ENSG00000180644.8",379.987303142715,-2.17636771116035,0.534170008359892,-4.07429783982563,4.61533845851599e-05,0.0109008080176189
"ENSG00000180745.5",586.251660085963,3.70695317334715,0.853788272529747,4.34177101351318,1.41338797301469e-05,0.00536520975494217
"ENSG00000180818.5",203.801470492048,5.4313168558343,1.33156479082945,4.07889792013128,4.52496989061131e-05,0.0109008080176189
"ENSG00000181019.13",9950.23069926931,2.35436669636886,0.605506166188649,3.88826213147984,0.000100964552491694,0.0160912312035378
"ENSG00000181036.14",52.3529934000803,-2.6984007570253,0.666975616825403,-4.04572624389007,5.21611609835197e-05,0.0114113472340829
"ENSG00000181378.14",87.3016407471893,3.46983221110771,0.866487634119368,4.00447978075784,6.21541066536852e-05,0.0120776372692704
"ENSG00000181631.7",192.63351806311,-2.2320702245674,0.632090136167739,-3.53125305530013,0.00041359585463851,0.0335871743438935
"ENSG00000182580.3",1871.71540850841,2.37161837287937,0.609015858144308,3.89418163938418,9.85308007006022e-05,0.0160079077087071
"ENSG00000182957.16",1985.85936398997,-1.04035597546126,0.232594425241068,-4.47283280492644,7.71901310123852e-06,0.00377225413467133
"ENSG00000183128.7",196.191708299711,4.43745207154492,1.10834332340947,4.00368006719659,6.23646917697481e-05,0.0120776372692704
"ENSG00000183856.11",1349.30281051502,2.30986833399704,0.612217005376119,3.77295683346456,0.000161324208017171,0.0200631817227853
"ENSG00000184060.11",447.215877126762,-1.35066848574621,0.389099695760059,-3.47126584899492,0.000518010879149881,0.0375037135706211
"ENSG00000184293.7",44.1559739049522,-3.02858164228181,0.717956909543309,-4.2183334431704,2.46114672900129e-05,0.00766064172850583
"ENSG00000184678.10",1471.57585398803,2.23838013849796,0.556094098018606,4.0251823324028,5.69311865363371e-05,0.0117951585621935
"ENSG00000185015.8",605.54218416148,1.47857119135845,0.427984706084265,3.45472903666642,0.000550846123928086,0.0387717125016977
"ENSG00000185332.8",122.133251817816,2.64361663592687,0.698935564006698,3.78234671701659,0.0001553567615824,0.0197405808756195
"ENSG00000185499.16",34397.4202591995,2.52791717626608,0.706479396155099,3.57818952686216,0.000345982536805868,0.0306320020309256
"ENSG00000186517.14",1707.3835437905,-1.71741717897834,0.502687426366248,-3.41647132770548,0.000634383438436578,0.0410731287649937
"ENSG00000186642.16",508.967968575985,-2.04279138583046,0.533989669403935,-3.82552604081409,0.000130493138788239,0.0184082769547307
"ENSG00000187808.5",66.9032893794624,-1.94528168216707,0.477438200493358,-4.07441566292125,4.6130026182496e-05,0.0109008080176189
"ENSG00000187837.4",2399.92297025857,2.07304375963446,0.624306206828682,3.32055606200841,0.000898383138415315,0.0495686519133305
"ENSG00000187908.20",11437.155371567,5.15388505332766,1.09560560222758,4.70414266123576,2.54934947080444e-06,0.00193800130465292
"ENSG00000188375.5",12.8747995563451,-2.54599478056888,0.421304168989378,-6.04312743136674,1.51155173111673e-09,6.8944393709119e-06
"ENSG00000188536.13",361.937069094401,-3.41981092838728,0.958069169345887,-3.56948228562884,0.000357687401923555,0.0310210890124308
"ENSG00000188820.13",28.0065947003994,-2.57030055674803,0.773816984018987,-3.32158715798485,0.000895070223825745,0.0495686519133305
"ENSG00000188833.10",558.84102726434,3.21927696502929,0.840312901582755,3.83104550574635,0.000127599901042312,0.0182766714274482
"ENSG00000188993.3",462.978787899541,3.46390090967654,0.787920183819592,4.39625863229525,1.10132699705905e-05,0.00461705829395329
"ENSG00000189280.3",390.221288453832,3.60402879036843,0.927998370524233,3.88365853307748,0.000102896388373556,0.0160912312035378
"ENSG00000189366.9",81.4316848992345,3.32044960856104,0.787447108529256,4.21672715868215,2.47873581750134e-05,0.00766064172850583
"ENSG00000196420.7",37.586410560833,2.36666980569748,0.607869025635603,3.89338772973805,9.88539629031863e-05,0.0160079077087071
"ENSG00000196754.13",3824.68846779884,4.46738193980053,1.16544040687661,3.83321353321972,0.000126480071997357,0.0182177901597456
"ENSG00000197943.10",1509.97611705443,-1.69476614415602,0.443402334034451,-3.82218588868398,0.000132273915088357,0.0185166360562109
"ENSG00000198088.10",162.816529449998,1.71066975536805,0.483645454088243,3.53703263601012,0.000404649660282661,0.0332553971560228
"ENSG00000198380.13",6894.47361015609,1.02394386901032,0.297371957186614,3.44331011806788,0.000574639961109677,0.0392908253404721
"ENSG00000198610.11",44.7333811324572,3.24448747268911,0.926568760139926,3.50161543564144,0.000462446589665834,0.0355588598259482
"ENSG00000198734.12",3904.93884978522,2.75429532076867,0.799775435247008,3.44383585614631,0.000573523778529827,0.0392908253404721
"ENSG00000198788.9",783.713614041261,7.38649062992831,1.59694465353582,4.62538924788269,3.73895555005222e-06,0.00243628563186379
"ENSG00000203499.12",893.491285099891,2.22643591415826,0.553179077427362,4.02480137989423,5.7023423320833e-05,0.0117951585621935
"ENSG00000203697.12",7070.36854744361,3.66032718944868,0.807398893862352,4.53348055994823,5.80196083051201e-06,0.00317762236671854
"ENSG00000203711.14",29.6046009283179,1.86679333302186,0.543845624017507,3.43257948686145,0.000597868600727024,0.040035782565813
"ENSG00000204019.5",39.7166053478669,21.5645238801998,2.56507621166532,8.4069719964381,4.2073148049349e-17,3.83805280888844e-13
"ENSG00000204542.3",153.454066148216,5.24555563060259,1.45201176227322,3.61261235404204,0.000303127694643333,0.0288044986781392
"ENSG00000204610.13",932.939957544243,2.6952000601285,0.808669452057022,3.33288224659988,0.00085951311613248,0.0487004046567238
"ENSG00000204613.11",103.821328838159,2.72243492092946,0.691973132583171,3.93430726243152,8.34369907851122e-05,0.014271375792601
"ENSG00000204614.9",16.0240660577263,5.80954077486563,1.51092504865199,3.84502247814923,0.000120541388283287,0.0176409421023996
"ENSG00000204839.9",2016.33163481918,2.28598544641834,0.643045088484118,3.55493803989267,0.000378068171001759,0.0319589912399579
"ENSG00000205045.11",32.5092494742632,-1.94952763805086,0.562461092610793,-3.4660666553871,0.000528132330878548,0.037954849018364
"ENSG00000205268.11",1421.4301659024,-1.44018632527215,0.413449060546174,-3.48334646925944,0.000495187056409411,0.0368255004694466
"ENSG00000205420.11",4402.31306881601,4.91055625497015,1.34950477608704,3.63878390205374,0.000273928534932516,0.0269719635124302
"ENSG00000206069.6",18.2444128086722,3.70084343696178,1.09997582519601,3.36447706594127,0.000766888575243139,0.0452315509454289
"ENSG00000211689.7",26.0178241903934,-2.56180590395597,0.702307653554103,-3.64769754535876,0.000264600856739743,0.0267207809830131
"ENSG00000211696.2",3.74871933319845,-2.46632247433837,0.717408455129702,-3.4378218666136,0.000586413329470532,0.0397236969990595
"ENSG00000211804.3",3.52402271490445,-3.24028092228717,0.914392349842111,-3.54364395420268,0.000394637800502099,0.0328269078612187
"ENSG00000211829.9",26.0119932779424,-2.35505943731128,0.599097386140814,-3.93101270643458,8.45888007645871e-05,0.0143785199411457
"ENSG00000213075.7",2.6791999326428,-2.40756135416866,0.695200101131337,-3.46311997114313,0.000533950263897035,0.037954849018364
"ENSG00000213371.4",5.56462526305574,-1.16470369196743,0.331254365036157,-3.51604028475306,0.000438034515044593,0.0348160769667683
"ENSG00000213809.9",13.9708289464095,-2.63227216669403,0.68484461659509,-3.84360496221926,0.000121240109872328,0.0176488196110425
"ENSG00000215182.8",21003.0410640462,4.56325087375895,1.20177435395185,3.79709457000259,0.000146401947727796,0.019449427686731
"ENSG00000220412.1",9.68508874944728,-2.68766273406673,0.706038863022359,-3.80667817995398,0.00014084582923038,0.0190818208343951
"ENSG00000221968.9",1030.52210820549,-1.29811542981002,0.375943866833561,-3.45295014583847,0.000554491470513164,0.0388101485256618
"ENSG00000222057.1",4.60999435951147,-2.62181948666771,0.690110004378546,-3.79913270352991,0.000145203332273416,0.0194459675879324
"ENSG00000223534.1",44.3816702510219,-2.29835099737441,0.691308829272149,-3.3246371231715,0.000885336847419519,0.0493462596809164
"ENSG00000223572.10",317.478756141953,2.61624214976845,0.598990222850013,4.36775434717497,1.25530568645126e-05,0.0050114408364301
"ENSG00000223668.1",13.4617873376444,-3.13383669022367,0.531885410403471,-5.89193955864749,3.81688795030687e-09,1.49223960765783e-05
"ENSG00000224137.1",48.1122408039274,-3.0193914329245,0.87689690673141,-3.44326842727629,0.00057472856038682,0.0392908253404721
"ENSG00000224259.7",1619.87242562959,3.14670023247523,0.864276406307014,3.64084939668877,0.000271740063742036,0.0269719635124302
"ENSG00000224511.2",56.8115548649624,3.77168060157947,0.822628894408984,4.58491140684917,4.54178971165324e-06,0.00278348162239265
"ENSG00000225342.2",19.8163938929403,-1.91017821049672,0.504357609162504,-3.78734884890228,0.000152263253814525,0.0196344061631927
"ENSG00000225411.3",3.06812078098159,-3.06313440125652,0.681568767917596,-4.49424114695769,6.98184739362813e-06,0.00347404032038947
"ENSG00000226239.2",10.3354319174344,-2.61386216965932,0.561521107076098,-4.65496690457459,3.24032751276453e-06,0.00233363271162702
"ENSG00000226330.1",35.8868430986886,1.96083515590319,0.581892562613058,3.36975462806713,0.000752351451551672,0.0450813576927158
"ENSG00000226491.1",15.8679792854671,-1.60893208187234,0.432390193674575,-3.72101889776726,0.000198420587617845,0.0225018283517077
"ENSG00000226690.8",8.15839628695958,5.55832849032193,1.38540719596389,4.01205400586559,6.01927248123474e-05,0.0120013518041846
"ENSG00000226985.7",3.45279555333376,-2.82199025997848,0.711137732344846,-3.96827524630635,7.23946897323497e-05,0.0131041038198145
"ENSG00000227155.7",14.1755131618104,-2.00676351281178,0.585483242103095,-3.42753364827891,0.00060909081441291,0.0403607465327799
"ENSG00000227191.8",49.2581724128958,-2.37606621244846,0.667622453461447,-3.55899685537714,0.000372273988535477,0.0319372936070212
"ENSG00000227467.3",15.934951843352,-2.60723968364785,0.651873511028805,-3.99960980088458,6.34470060828992e-05,0.0120776372692704
"ENSG00000228486.10",83.0419434191522,-1.71266282587335,0.411810054880774,-4.15886597613358,3.19831479481816e-05,0.00884124050401906
"ENSG00000228835.1",2.46572301771523,-4.80997282418662,1.25966659746523,-3.8184491307982,0.000134293268280595,0.0185166360562109
"ENSG00000228952.1",51.3505433539066,2.8504018593935,0.746607510858521,3.81780496169377,0.000134644300624327,0.0185166360562109
"ENSG00000229029.2",3.85393068991582,-2.22929301757965,0.599222387930715,-3.72030995917564,0.000198978421497178,0.0225018283517077
"ENSG00000229140.11",6.22476211085503,-3.20627868821675,0.632493235684005,-5.06926953100036,3.9934537360704e-07,0.000546958651610882
"ENSG00000230882.1",139.938278973171,2.81388849746379,0.794892223651491,3.5399622914131,0.000400184207115778,0.033087133523074
"ENSG00000231226.1",27.3759146897735,2.83714327591905,0.832553916018562,3.40775921094316,0.000654986652082277,0.0417506667661965
"ENSG00000231324.1",13.5358065621733,4.39112380961997,1.31485059833022,3.33963707754814,0.000838879391305937,0.048213799564231
"ENSG00000231369.1",5.22217216978866,-1.25715852690427,0.341358614239723,-3.68280885397964,0.000230678127937469,0.0247999370544416
"ENSG00000231566.2",19.4735749856479,2.13382720834423,0.623495274750733,3.42236307917059,0.00062079355430994,0.0408395605788465
"ENSG00000232587.1",7.31974377616639,-1.48468331770344,0.427506510345509,-3.47289054499667,0.000514885291349377,0.0374045907007621
"ENSG00000233143.2",12.2662460422285,-2.66819131826922,0.512661159612452,-5.2045903385508,1.94425026286881e-07,0.000343168862222397
"ENSG00000233217.2",198.069004597991,3.24852520588771,0.956357207676777,3.39676972140897,0.00068186321692555,0.0425069491061538
"ENSG00000233532.6",130.070891190658,3.59602361235913,0.963940715139131,3.73054437465077,0.000191066485922797,0.0220444676826765
"ENSG00000233665.8",5.8298181233811,-3.05357354274473,0.829533805889561,-3.6810718515205,0.00023225553756803,0.0247999370544416
"ENSG00000234750.1",6.71659522860689,-2.13338463193597,0.538605323111444,-3.96094234570821,7.46545581799154e-05,0.0132666967124009
"ENSG00000234883.6",64.6386697247172,-2.086039442822,0.553361189338852,-3.76976102229788,0.000163403934557094,0.0200631817227853
"ENSG00000235111.1",5.63488474695769,-2.55124591575737,0.695551398115597,-3.66794736186177,0.000244505503462657,0.0253551768972851
"ENSG00000235505.7",153.156695806879,-1.84305266919984,0.448465961098214,-4.10968240418186,3.96203651861146e-05,0.0100995926139341
"ENSG00000236876.3",7.20963278618801,-1.69248788111601,0.471612377988646,-3.58872659011667,0.000332297106950412,0.0303132497530398
"ENSG00000236901.6",190.346135231356,-2.05897279139306,0.603031007534524,-3.41437300183139,0.000639289892160885,0.04126284546879
"ENSG00000237289.10",394.765740824739,2.56723556661177,0.632618832149595,4.05810803622219,4.94718818160993e-05,0.0112824749138432
"ENSG00000237484.6",14.8330010005669,-2.69464663279214,0.624186238497204,-4.31705549817919,1.5812441137021e-05,0.00567955858901884
"ENSG00000237757.2",5.38377261691709,-1.88743346027536,0.364241332120701,-5.18182120981787,2.19729788588557e-07,0.000353726183782532
"ENSG00000237928.6",33.4927884045454,-2.5285103952864,0.639537709155233,-3.95365333285244,7.69669014468014e-05,0.0135022640506065
"ENSG00000238113.7",43.7907632939535,-1.95811846360719,0.519889499894501,-3.76641279349658,0.000165609893057969,0.0202332408183814
"ENSG00000238133.6",151.459039782681,3.91281270708892,1.05622085689992,3.70454027822674,0.000211774457104286,0.0235594779169634
"ENSG00000239219.2",3.90007779852894,-2.72609427976355,0.781916862075341,-3.48642472363114,0.000489523130982881,0.0366876215990634
"ENSG00000239961.3",43.5619982824794,-2.95289454127915,0.874536391042451,-3.3765256329234,0.000734075317018137,0.0443475479047138
"ENSG00000240143.1",5.75768502907609,-2.72748626868696,0.691958763384253,-3.94168903266328,8.0909832058327e-05,0.0139261595845298
"ENSG00000240216.7",58.9385818875607,3.73871682167791,1.08356437024626,3.45038737368986,0.000559782685219518,0.0389811011358844
"ENSG00000241359.1",30.6088329849522,3.07757186775635,0.810240164842109,3.79834523305331,0.000145665339844563,0.0194459675879324
"ENSG00000241560.7",5.45105926702942,-2.33512113018059,0.467278595030216,-4.99727818696593,5.8145159950882e-07,0.000723299360170813
"ENSG00000241635.8",92.0086751624347,3.48003331184378,0.95580517466007,3.64094420505879,0.000271640005056384,0.0269719635124302
"ENSG00000242136.1",10.1908901344521,5.87827725571316,1.32701837202227,4.42968792267369,9.43695495753226e-06,0.00437730756479297
"ENSG00000242207.1",24.8864199746126,5.08174295098089,1.28603622633918,3.95147729659726,7.76702417144791e-05,0.0135388630891729
"ENSG00000242747.1",4.96788091074685,-1.63120343474974,0.470819951280674,-3.46460134136778,0.000531018022548601,0.037954849018364
"ENSG00000242797.3",7.25382692262218,-2.29195751822141,0.520985354830717,-4.39927436917325,1.08613437120281e-05,0.00461705829395329
"ENSG00000243766.8",80.8345968187304,5.56846756685113,1.44541677829896,3.85249960458076,0.000116918165586623,0.0172956726357249
"ENSG00000244280.1",37.9072473780829,4.91516885298559,1.22916790532961,3.99877741004598,6.36705240276751e-05,0.0120776372692704
"ENSG00000245648.2",78.3850793764677,-1.90233189408198,0.490805853537455,-3.87593562784762,0.000106215764245047,0.0165129931311011
"ENSG00000246228.6",129.263279491083,3.1640976496357,0.781757580251102,4.04741537475004,5.17862954110537e-05,0.0114113472340829
"ENSG00000248115.1",5.95976633885279,-4.5687895558711,0.679548598816026,-6.7232712477537,1.7768935286476e-11,1.21570612996247e-07
"ENSG00000248290.1",9.40549372852544,-3.06141163106244,0.76511147809693,-4.00126219342196,6.3005495897902e-05,0.0120776372692704
"ENSG00000248714.7",7.36442957369304,-2.12748187945275,0.571158291165303,-3.72485510997689,0.000195427434696026,0.0223776678047119
"ENSG00000248996.1",19.5881818412901,-1.9417884802691,0.536723833839576,-3.61785402071317,0.000297055854219681,0.0286250970508099
"ENSG00000249395.4",130.763570882552,6.21344769375332,1.46442308871,4.24293207451865,2.20618227487723e-05,0.0071876893234006
"ENSG00000249464.6",157.182241678255,2.23769760807322,0.670656400674788,3.33657832210612,0.000848165266854952,0.0483577892875406
"ENSG00000249661.1",4.09829514935585,-1.9663192303696,0.555134068512912,-3.54206189441221,0.000397012306398628,0.0329243508763977
"ENSG00000249853.8",37.5404423983152,3.56141689001418,0.994596861047683,3.58076425684943,0.000342590656436506,0.0306320020309256
"ENSG00000250271.2",22.4305516461865,4.59418090247118,1.30837367457803,3.51136757926046,0.000445807504441481,0.0350586608449713
"ENSG00000251034.2",49.1412804564689,-1.31750959626365,0.389829941585108,-3.37970344429279,0.000725640802990932,0.0442732753737459
"ENSG00000251191.8",15.2788373735265,3.4033877336438,0.93519255200995,3.63923742370394,0.000273446600661459,0.0269719635124302
"ENSG00000251322.9",1442.21069389592,-1.46566769336952,0.408406353081013,-3.58874851557167,0.000332269165993398,0.0303132497530398
"ENSG00000251323.3",7.40410725855921,-2.14778011315026,0.603799310849689,-3.55710924897847,0.000374958246877248,0.0319372936070212
"ENSG00000253293.5",158.035003617701,3.66007266457333,0.960664252643284,3.80993948146044,0.000139000812793476,0.0189255484762142
"ENSG00000253988.1",3.84582899042895,-2.88221375437677,0.709928510476072,-4.05986477771399,4.9101143473696e-05,0.0112824749138432
"ENSG00000254166.3",461.29125137374,3.63221486665453,0.899724479509671,4.03703016798432,5.41321101055761e-05,0.0116648303721205
"ENSG00000254759.1",16.3397207269842,-1.27173338165815,0.303976333115362,-4.18365919683464,2.86854046514606e-05,0.00817743196975545
"ENSG00000256427.2",5.70344263200574,-2.7498579409062,0.751129391318853,-3.66096437270006,0.000251267700531458,0.0257544687657094
"ENSG00000257588.1",149.485472997128,3.26731018270346,0.890384120599324,3.66955127243757,0.000242976602361244,0.0253551768972851
"ENSG00000258689.1",29.1532453568929,2.80039108731314,0.796696329682102,3.51500437868285,0.000439746737615655,0.0348160769667683
"ENSG00000258733.6",30.6869851833344,-1.58296586947632,0.476665585709374,-3.320914949462,0.000897228744576609,0.0495686519133305
"ENSG00000259341.2",228.309979323922,2.8818543130374,0.763425785728392,3.77489779217739,0.000160073281667369,0.0200631817227853
"ENSG00000259439.2",69.1500410524499,5.20744371014236,1.27241348276195,4.09257193568782,4.26614835377335e-05,0.0106137892725196
"ENSG00000259485.2",86.7233062477834,4.82443500914663,1.38806728535915,3.47564924267943,0.000509618346320792,0.0373906844068663
"ENSG00000259933.6",54.2715693098697,2.5645328659584,0.682814871387423,3.75582456302904,0.000172771694367574,0.0208292641399005
"ENSG00000260228.6",10.122903638672,-1.91405054970518,0.560274758829537,-3.41627124824219,0.000634849763130498,0.0410731287649937
"ENSG00000260284.1",41.5356927000577,4.19181080590536,1.18943070365515,3.52421607498766,0.000424737736010359,0.034187640062928
"ENSG00000260328.1",28.4038607068939,2.55369213201595,0.723150488100826,3.53134260992146,0.000413455835310222,0.0335871743438935
"ENSG00000260510.1",3.62160860217117,-2.17587856907936,0.64579618210694,-3.36929611751568,0.00075360420191329,0.0450813576927158
"ENSG00000260963.2",23.2210991077562,3.07775592150998,0.873741277336292,3.5225026004184,0.000427492847836924,0.0342251899899242
"ENSG00000261104.1",31.1261725317387,4.00842961079358,1.00271238099424,3.99758663278799,6.39915739410316e-05,0.0120776372692704
"ENSG00000261123.1",94.7151406035215,2.97270802043613,0.681801305608226,4.36007968301588,1.30015090944034e-05,0.0050114408364301
"ENSG00000261416.1",5.35192715273993,-2.7537813440871,0.805962341329103,-3.41676180495712,0.000633706990930114,0.0410731287649937
"ENSG00000261583.1",8.7004978353294,4.93273080046512,1.38103680254682,3.57175912428147,0.000354591472127405,0.0309047924130914
"ENSG00000261762.1",54.2379436480137,2.05160983119407,0.610592840486097,3.36002929474373,0.000779342082768162,0.045670781111598
"ENSG00000262319.1",2.92410563915459,-3.65299121561795,0.946070842995095,-3.86122375788817,0.000112820520925519,0.0171531066453815
"ENSG00000262406.3",969.63746471912,-3.99498508841647,0.831876086344867,-4.80238001066939,1.56790774962555e-06,0.00147961832358629
"ENSG00000262714.1",40.0904381307207,2.86081073239617,0.856063106729852,3.34182224406846,0.000832303430807304,0.0479529431387442
"ENSG00000264345.2",6.12854698051175,-3.73899398540787,0.740523056060586,-5.04912568866994,4.43836663039918e-07,0.000578403712257783
"ENSG00000265206.5",117.09018103523,-2.89761375062566,0.828163581519227,-3.49884227619635,0.000467282908084269,0.0357210372780508
"ENSG00000265743.1",32.2869652230195,-1.47730301563203,0.421673642493898,-3.50342745374086,0.00045931174874825,0.0355588598259482
"ENSG00000265763.4",180.692954392208,3.08423287867776,0.757579460135807,4.07116750251501,4.67780965140624e-05,0.0109416766435927
"ENSG00000267287.1",20.857620827094,-1.97564144853587,0.546519520342117,-3.61495129634003,0.00030040409078042,0.0286451524473441
"ENSG00000267369.1",50.2487375808864,-2.07102508108229,0.585996445845957,-3.53419392858692,0.00040902085325258,0.0335139930867167
"ENSG00000267374.2",21.8125542647082,2.65778495733898,0.73506214408253,3.61572824656383,0.000299504446280943,0.0286451524473441
"ENSG00000267432.6",11.4652819565981,-2.62491594998386,0.786869212641148,-3.33589865738076,0.000850241519877598,0.0483753839386491
"ENSG00000267731.1",20.0021841127245,-2.2739465851448,0.61211128313081,-3.71492349154891,0.000203265185687395,0.0228920096160779
"ENSG00000267795.6",939.997014736637,2.19087614039112,0.637261191432141,3.43795631971167,0.000586122237679351,0.0397236969990595
"ENSG00000268027.5",65.9238018746451,-2.58095632941598,0.764059917364823,-3.37795017217691,0.000730283120863684,0.0443165063857464
"ENSG00000268316.1",3.08586659041196,-1.66803576895279,0.501020644733155,-3.32927552285035,0.000870722216062242,0.0488734445107447
"ENSG00000268849.5",4.22505429145902,-2.17463966677307,0.581542287526702,-3.73943514240693,0.00018443422514984,0.0217560837917055
"ENSG00000269220.1",28.9834628201316,-2.51890768197048,0.607755561376247,-4.14460655245421,3.40397651073435e-05,0.00895736780473719
"ENSG00000269345.1",3.40359069700121,-2.04788569206756,0.609067307785189,-3.3623306749372,0.000772875099206137,0.0454866082580094
"ENSG00000269800.1",8.08085988383565,-1.92827549697115,0.544879932127552,-3.53889982595241,0.00040179829573134,0.0331205239737337
"ENSG00000270164.1",74.8903606351887,-2.12087455000103,0.580032802178866,-3.65647346500761,0.000255708867227922,0.0260148125257492
"ENSG00000270379.6",5.66767930634155,-2.37028937061912,0.681609653006696,-3.47748797301119,0.000506135756766223,0.0373353564836151
"ENSG00000270919.1",8.50389464395129,4.88591174327754,1.4105790410614,3.46376317884399,0.000532675242761045,0.037954849018364
"ENSG00000272068.1",298.62237354593,3.03679841153798,0.874480768132777,3.47268747604622,0.000515274991566021,0.0374045907007621
"ENSG00000272468.1",26.4742784401689,2.80844729361908,0.815744131002172,3.44280416724396,0.000575716043465827,0.0392908253404721
"ENSG00000272620.2",1617.39170857514,4.63971053674117,0.877334449273375,5.28841713736861,1.23379358116552e-07,0.000241180206683978
"ENSG00000272789.1",25.7060272632913,-2.58999921170394,0.644057438289905,-4.02137923999587,5.78583674828634e-05,0.0118164921112203
"ENSG00000272980.4",3.40359960238127,-2.177207001337,0.592667971449378,-3.67356953002304,0.000239185553197627,0.0252570470250195
"ENSG00000273062.1",16.8431878603242,-1.57299415676121,0.451856000868207,-3.48118461133374,0.000499201294040464,0.0369233562540686
"ENSG00000273203.1",8.23814687010552,-2.03252814466567,0.601005757389334,-3.3818779931404,0.000719921115004701,0.0440762441931402
"ENSG00000273837.1",31.2794590358643,-2.90435450967941,0.847358080768792,-3.42754093646495,0.00060907446466191,0.0403607465327799
"ENSG00000274272.1",21.8993842661507,-1.76109403268381,0.523182896320621,-3.36611545421117,0.00076234793230439,0.0451583893146629
"ENSG00000274414.1",65.4397080779751,3.23889762952876,0.677897525855181,4.77785728077828,1.77173057724116e-06,0.00151521720960497
"ENSG00000275216.2",324.142316384018,5.07132369431989,1.47747734646793,3.43242060965838,0.000598218997883212,0.040035782565813
"ENSG00000276231.5",154.180947619968,-1.47071332400927,0.434191033692175,-3.38724941301287,0.000705971763123043,0.0436124813575357
"ENSG00000276409.5",22.5960313722243,-2.91357706611569,0.81707298276869,-3.56587125943499,0.000362649375291297,0.0312095140050217
"ENSG00000276842.1",15.0892422727079,-2.21792096894991,0.633411461239323,-3.50154852678282,0.000462562725108253,0.0355588598259482
"ENSG00000277268.2",22.0909807730679,6.2770325358982,1.87081351304533,3.35524224735815,0.000792955128249742,0.0462339824531216
"ENSG00000278912.1",62.5090607739031,3.96881187336361,0.9850997186097,4.02884276422788,5.60520908113683e-05,0.0117951585621935
"ENSG00000279166.1",3.11459032245396,-2.72844275985226,0.524826603417662,-5.19875086759073,2.00632213818042e-07,0.000343168862222397
"ENSG00000279277.2",33.2054753347819,-2.06431312574604,0.497538466349533,-4.14905231527527,3.33854514504865e-05,0.0088704820373346
"ENSG00000280032.1",68.8593295855829,2.97115955143622,0.807886831902099,3.6776927585772,0.000235353207306349,0.0249647721874141
"ENSG00000280924.1",9.14494102381243,4.23154691096094,1.17631724456442,3.59728375190814,0.000321557636815562,0.0299813231881477
"ENSG00000281103.2",81.9014539071746,-2.61243430640294,0.575361736852051,-4.54050754347383,5.61189708596134e-06,0.00317762236671854
"ENSG00000283265.1",20.3965569497667,-2.42416911367626,0.598044981936131,-4.05348959843819,5.04592444859338e-05,0.0113957394941797
"ENSG00000283307.1",3.16073876253146,-4.43815913235372,0.985634851748575,-4.50284314163624,6.70503723667274e-06,0.0033980880380745
"ENSG00000283787.2",99.8389570322186,-2.38208237478439,0.650642530337379,-3.66112306484054,0.000251112097283408,0.0257544687657094
"ENSG00000286196.1",5.84446623574576,-2.47815765536513,0.643677159435008,-3.85000091900162,0.000118117381647194,0.0173791310942944
"ENSG00000286406.1",2.84422211699056,-2.7728289008338,0.752808195321462,-3.68331391457521,0.000230221361632223,0.0247999370544416
"ENSG00000287048.1",7.57517116090164,4.73176049317482,1.37844465560129,3.43268079276697,0.000597645274456331,0.040035782565813
"ENSG00000287255.1",19.6719105165707,-1.4565430018493,0.43819826586325,-3.32393602466663,0.000887565543368312,0.0493699313523589
"ENSG00000287331.1",12.7682709753729,6.20693309857744,1.67719832576113,3.70077468075259,0.000214942271137512,0.0237190529605657
"ENSG00000287929.1",209.585214753936,2.76241169906504,0.793315125164216,3.48211147303314,0.000497476553093573,0.036895503600303
"ENSG00000288052.1",2.18939707056469,-2.05462927730959,0.57446575598534,-3.57659139104895,0.000348103651537174,0.0306320020309256
